study_hours,attendance,sleep_hours,previous_grade,passed
7.7,85,6.9,2,1
4.4,39,8.6,3,0
8.6,68,9.4,3,1
7,66,8.3,3,1
0.9,90,9.8,2,0
9.8,62,8.7,2,1
7.6,57,9.2,2,0
7.9,75,4.7,3,1
1.3,49,8.4,2,0
4.5,40,6.6,5,0
3.7,63,7.3,2,0
9.3,59,7.9,4,1
6.4,46,9.8,4,0
8.2,56,9.9,3,1
4.4,56,5.7,5,1
2.3,53,8.4,2,0
5.5,57,8.5,2,0
0.6,78,6.1,3,0
8.3,51,4.7,2,0
6.3,96,4.2,3,1
7.6,94,8.7,3,1
3.5,64,6.9,5,1
9.7,53,9.9,3,1
8.9,67,6.8,5,1
7.8,89,9.9,5,1
1.9,76,6.5,5,1
4.7,86,8.8,2,1
0.4,67,4.5,5,0
1.5,74,7.3,4,0
6.8,50,8.8,5,1
7.4,81,9.5,3,1
9.7,44,8.9,5,1
3.3,79,4.2,4,0
3.7,90,6.2,2,0
4.7,39,4.3,3,0
1.9,73,4.7,2,0
1.3,37,8.1,5,0
4.8,81,8.3,3,1
2.3,36,8.6,2,0
6.7,96,9.2,4,1
4.4,40,8.4,3,0
8.3,97,8.8,2,1
7,86,4.3,5,1
3.1,72,5.4,5,1
8.3,85,7.7,4,1
8,86,9.1,4,1
3.9,96,4,3,0
2.9,48,7.1,4,0
6.8,71,8.1,4,1
1.4,37,4.2,2,0
2,73,6.4,2,0
0.1,42,9.4,3,0
7.9,70,8,3,1
6.6,70,5.4,2,1
7.1,63,9.1,2,0
7.8,67,6.1,5,1
4.6,83,9.1,3,0
5.7,86,5.8,4,1
1.4,64,7.5,4,0
1.1,72,6.4,4,0
6.7,95,5.6,4,1
4.7,38,9.3,3,0
5.7,38,5.1,5,1
7.6,36,4.5,3,0
6.3,76,6.1,5,1
5.5,59,8.3,3,1
5.6,84,8.8,2,1
3,77,10,5,1
0.3,53,5.8,2,0
4.4,93,6.4,5,1
2.1,83,4.8,2,0
4.1,49,7.4,2,0
8.5,55,10,4,1
2.3,52,8.2,5,1
0.6,41,7.6,3,0
2.8,40,6.4,2,0
2.9,96,9.5,2,0
6.6,61,7,5,1
5.6,57,4.8,4,0
7.8,81,6.2,2,1
6.6,69,4.4,3,1
4.1,96,5.2,3,1
8.1,85,4.1,2,1
1.7,64,6.7,5,1
0.2,56,7.8,4,0
0.9,99,6.1,2,0
7.2,80,6.5,4,1
4.6,97,9.8,3,1
1.6,38,8.5,2,0
5,90,7.2,3,1
1.5,75,5.7,2,0
7,39,9.4,2,0
4.5,71,5.4,5,1
3.8,78,6,4,1
3,31,9.5,2,0
6.3,62,7.2,5,1
3.6,88,8.5,4,1
0.9,51,7.5,5,0
1.2,62,7.9,4,0
9.6,61,5.8,3,1
9.1,51,5.4,4,1
7,94,5.9,4,1
2.7,85,4.9,4,0
9.7,38,9.2,2,1
7.8,100,5.7,3,1
7.2,92,7.4,2,1
4.5,50,8.8,3,0
2.7,89,8.7,2,0
1,37,6.6,2,0
9,100,6.9,5,1
4.6,77,10,2,0
2,76,8,5,1
3.1,36,8.9,2,0
5.8,93,9.4,5,1
1.8,32,8.7,3,0
8.6,47,5.1,4,1
7.6,40,7.4,3,1
7.2,84,4.6,3,1
4.3,44,7.9,3,0
6.3,94,9.7,4,1
5.8,76,7.1,3,1
6.5,33,6.6,4,1
0.8,30,4.2,5,0
4.2,34,9.8,3,0
0.4,72,4.6,3,0
4.9,86,4.2,2,0
3.3,47,5.5,3,0
1.4,89,4.4,2,0
1,34,6.7,2,0
5.9,86,7.1,5,1
1.7,95,5.9,2,0
9.3,84,4.3,3,1
5.8,79,4.7,5,1
3.5,89,6.3,5,1
5.9,33,4.4,2,0
0.2,44,8.2,2,0
9.6,39,5.2,3,1
4.8,65,5.8,4,1
7.8,82,6.4,5,1
0.8,74,6.5,2,0
4.9,90,4,2,0
4.9,41,4.7,3,0
9.4,81,9.2,5,1
5.7,44,4,2,0
4.7,49,7,3,0
2.7,80,6.9,2,0
3.3,99,6,2,0
5.2,73,6.6,5,1
4.4,34,8.7,2,0
0.2,73,9,3,0
8.3,33,5.6,5,1
9,92,5.9,4,1
1.4,80,5.5,2,0
5.5,42,6.9,3,0
1.1,36,8.1,5,0
6.7,43,5.4,3,0
2.8,99,6,4,0
6.6,62,9.6,4,1
7.3,85,4.3,4,1
7.7,75,6.8,2,1
1.1,70,8.3,5,0
9.2,40,4.9,5,1
2.3,96,4.3,2,0
0.4,51,4.8,5,0
5.5,70,9.5,5,1
3.7,79,4.1,4,0
8.3,75,5.1,3,1
8.1,96,4.2,3,1
3.2,40,4.7,5,0
9.5,66,7.7,2,1
2.9,58,5.4,5,0
5.2,63,7.4,5,1
2.6,38,7.5,4,0
9.4,39,9.1,3,1
1.6,49,4,4,0
0.4,51,9.1,2,0
4.4,60,7.7,5,1
9.9,73,5,3,1
8.9,74,8.6,2,1
7.5,59,9.1,5,1
8.9,59,5.5,4,1
8.9,45,9.5,4,1
5.2,71,6.7,2,0
3.2,52,7.6,5,1
7.7,33,9.9,4,0
6.6,59,6.2,5,1
3.7,63,8.9,5,1
0.9,46,5.9,2,0
7.5,70,8.8,2,1
2.6,70,7.6,5,1
9.4,79,5.3,4,1
2.4,75,6.5,3,0
1.2,76,5.9,3,0
8.3,52,4.5,4,1
1.5,85,4.2,5,0
1.8,68,6.1,2,0
6,60,4.1,4,0
8.7,74,5,5,1
2,55,8.4,3,0
3.1,66,8.2,3,0
7.8,82,8.4,5,1
9.7,92,5.9,2,1
5,94,9.3,3,0
1.4,65,7.6,3,0
0.1,66,4.8,5,0
2.3,86,4.9,2,0
1.3,52,8.2,3,0
6.8,89,5,2,1
1.2,65,7,5,1
5.1,38,10,4,0
6.9,35,4,3,0
5.8,89,4.1,3,1
2,34,10,2,0
8,50,7.5,5,1
7.2,53,4.8,4,1
7.4,42,9.4,3,0
1.3,52,9.3,3,0
1.2,82,7.2,4,0
9.3,31,7.7,4,1
4,88,5.6,3,1
3,90,4.3,3,0
4.9,56,7.6,4,1
6.6,41,5.8,4,1
9.6,72,8,4,1
2.9,38,9,2,0
9.2,56,4.1,3,1
0.2,97,7.6,4,0
5.6,100,5.4,5,1
6.3,84,9.2,4,1
1.1,52,5.5,3,0
1.4,78,7.7,4,1
4.2,79,7.3,2,0
9.7,57,6.4,2,1
6,75,8.1,4,1
9.3,31,8.4,5,1
8,45,7.4,5,1
4.7,67,8.6,4,1
7.8,41,9.9,2,0
0.2,42,6.5,5,0
1.1,89,7.1,3,0
8.3,99,4.1,3,1
8,69,8.8,5,1
2.3,89,7.1,4,1
5.3,99,6.4,4,1
6.1,40,4.6,3,0
8.7,61,9.3,5,1
6,57,6.4,3,1
4.1,36,8.1,4,0
3.7,83,4.9,5,1
4.3,60,9.8,4,0
6.5,63,5.1,2,0
8.7,41,5.2,3,0
4.5,43,9.2,3,0
2.5,93,9.5,5,1
2.4,33,5.3,4,0
7.5,46,6.8,3,1
8.2,50,8.4,4,1
1.1,64,9.3,4,0
0.7,71,6.3,3,0
5.9,65,7.1,3,1
1.5,36,8.5,5,0
8.2,47,8.4,4,1
3.1,89,8.7,2,0
1.4,75,7.4,4,1
9.2,75,4.6,4,1
1.7,77,9.4,4,0
2.8,83,9.2,4,0
1.5,34,8.8,5,0
1.2,56,4.6,3,0
0.2,68,5.2,3,0
0.6,54,8.5,2,0
1.7,89,4.1,4,0
0.5,64,9.9,3,0
5.9,84,6.3,3,1
6.8,90,8.3,4,1
3.9,65,9.3,3,0
3.2,94,6.4,3,0
5,71,5.9,3,0
8.8,90,7.7,3,1
8.5,54,7.5,2,1
0.4,65,6.5,5,0
1.8,67,7.6,2,0
2.4,37,9.6,3,0
2.5,58,6.8,4,0
5.7,94,5.2,2,0
4.2,74,6.3,4,1
0.5,42,6.4,4,0
3.7,54,4.8,4,0
5.2,43,5,3,0
1,32,8.1,2,0
8.3,95,6,5,1
0.5,61,9.7,3,0
9.2,52,5.5,5,1
1,72,4.6,2,0
8.4,31,8.5,2,0
9,49,9.3,5,1
9.8,79,5.7,5,1
8,74,5.2,5,1
7.8,99,5.1,5,1
6.4,73,7.1,2,1
